epoch,time,train/box_loss,train/cls_loss,train/dfl_loss,metrics/precision(B),metrics/recall(B),metrics/mAP50(B),metrics/mAP50-95(B),val/box_loss,val/cls_loss,val/dfl_loss,lr/pg0,lr/pg1,lr/pg2
1,3.09385,0.93889,3.70751,1.21649,0.01647,0.89107,0.06559,0.05325,0.30089,3.37461,0.89952,4e-05,4e-05,4e-05
2,4.63043,0.87017,3.60681,1.13091,0.02171,1,0.17893,0.14862,0.30615,3.34968,0.86993,8.98218e-05,8.98218e-05,8.98218e-05
3,6.13418,0.91927,3.19524,1.10723,0.01965,1,0.37118,0.32105,0.41349,3.31121,0.92784,0.000139446,0.000139446,0.000139446
4,7.60002,0.93901,2.62516,1.13032,0.02028,1,0.38282,0.33229,0.46236,3.25654,0.95188,0.000188871,0.000188871,0.000188871
5,9.12145,0.83361,2.3274,1.07223,0.0192,1,0.34198,0.25947,0.48936,3.11249,1.01541,0.000238099,0.000238099,0.000238099
6,10.4901,0.81992,2.12048,1.08576,0.92866,0.15,0.33497,0.25613,0.46355,2.94946,1.00868,0.000287129,0.000287129,0.000287129
7,11.8984,0.88261,1.92776,1.13348,0.94331,0.1,0.34611,0.27082,0.54114,2.80049,1.07429,0.000335961,0.000335961,0.000335961
8,13.2866,0.82402,1.53157,1.06711,0.79342,0.15,0.26386,0.21115,0.60611,2.71674,1.11773,0.000384595,0.000384595,0.000384595
9,14.6766,0.85109,1.5264,1.11091,0.76734,0.16214,0.26843,0.22493,0.63843,2.56616,1.15498,0.00043303,0.00043303,0.00043303
10,16.0528,0.85742,1.26946,1.12364,0.77728,0.22631,0.27163,0.22324,0.61007,2.47069,1.09063,0.000481268,0.000481268,0.000481268
11,17.4718,0.90661,1.21546,1.12643,0.73702,0.19967,0.25022,0.21169,0.6376,2.29387,1.07933,0.000529308,0.000529308,0.000529308
12,18.8815,0.83906,1.25095,1.07012,0.47417,0.28393,0.25733,0.21393,0.69651,2.11249,1.14529,0.00057715,0.00057715,0.00057715
13,20.2519,0.83507,1.13685,1.07864,0.48038,0.34281,0.27771,0.22738,0.71396,2.00953,1.18203,0.000624794,0.000624794,0.000624794
14,21.6564,0.81593,1.06212,1.05883,0.76706,0.36964,0.53687,0.4285,0.71318,1.64472,1.23512,0.000672239,0.000672239,0.000672239
15,23.041,0.83795,1.01205,1.09427,0.74433,0.53929,0.6265,0.50993,0.70979,1.32106,1.2773,0.000719487,0.000719487,0.000719487
16,24.4149,0.84381,0.96961,1.05644,0.97263,0.3375,0.56307,0.45012,0.71002,1.3699,1.28903,0.000766537,0.000766537,0.000766537
17,25.8074,0.82835,0.99256,1.0564,0.75129,0.3375,0.62986,0.47123,0.77958,1.90423,1.37434,0.000813389,0.000813389,0.000813389
18,27.1708,0.80561,0.96834,1.06231,0.74549,0.3375,0.63261,0.46851,0.78637,2.06703,1.39985,0.000860043,0.000860043,0.000860043
19,28.5293,0.82748,1.03953,1.04947,0.70322,0.66647,0.75058,0.55793,0.81681,2.14456,1.45596,0.000906498,0.000906498,0.000906498
20,29.9197,0.80863,0.9537,1.04062,0.77912,0.80135,0.90116,0.68867,0.80346,2.10012,1.35967,0.000952756,0.000952756,0.000952756
21,31.2978,0.80724,0.82815,1.01966,0.84036,0.73305,0.9151,0.69687,0.77387,2.01251,1.32602,0.0009604,0.0009604,0.0009604
22,32.6658,0.76637,0.84448,1.02326,0.89909,0.61881,0.86543,0.67129,0.79572,1.87335,1.34553,0.00095842,0.00095842,0.00095842
23,34.0233,0.80287,0.88919,1.05955,0.82097,0.62244,0.79627,0.62192,0.7576,1.96498,1.2719,0.00095644,0.00095644,0.00095644
24,35.4262,0.76098,0.82464,1.03319,0.64485,0.70226,0.69192,0.51059,0.81696,2.10939,1.29776,0.00095446,0.00095446,0.00095446
25,36.7857,0.79958,0.86547,1.07629,0.48114,0.71796,0.67718,0.49105,0.71964,2.06252,1.23748,0.00095248,0.00095248,0.00095248
26,38.15,0.81222,0.8283,1.02946,0.80075,0.57184,0.55875,0.38118,0.64625,2.09241,1.17854,0.0009505,0.0009505,0.0009505
27,39.526,0.75734,0.80902,1.04785,0.64957,0.61607,0.56117,0.38299,0.62497,2.10464,1.14514,0.00094852,0.00094852,0.00094852
28,40.8895,0.71187,0.7813,1.02022,0.58795,0.74564,0.63314,0.51082,0.63461,1.74084,1.11885,0.00094654,0.00094654,0.00094654
29,42.225,0.75509,0.77074,1.02006,0.59843,0.82319,0.72295,0.56138,0.68231,1.47596,1.15347,0.00094456,0.00094456,0.00094456
30,43.5742,0.76937,0.81309,1.05818,0.88915,0.61286,0.88278,0.62406,0.86477,1.55414,1.36963,0.00094258,0.00094258,0.00094258
31,44.9722,0.75724,0.80146,1.06956,0.73562,0.66107,0.82175,0.58172,0.98498,1.85659,1.52866,0.0009406,0.0009406,0.0009406
32,46.4003,0.7858,0.83508,1.05535,0.92826,0.80593,0.89561,0.63512,0.85518,1.39292,1.32877,0.00093862,0.00093862,0.00093862
33,47.766,0.78491,0.78233,1.09522,0.72587,0.87108,0.91896,0.64317,0.84338,1.42927,1.32364,0.00093664,0.00093664,0.00093664
34,49.1404,0.78994,0.76564,1.05025,0.72588,0.88727,0.80812,0.62653,0.77225,1.32274,1.2599,0.00093466,0.00093466,0.00093466
35,50.5124,0.74834,0.78556,1.04045,0.72601,0.80285,0.7773,0.61162,0.71484,1.40893,1.22783,0.00093268,0.00093268,0.00093268
36,51.9104,0.74732,0.7318,1.02938,0.77705,0.79821,0.91139,0.72215,0.73702,1.53466,1.27587,0.0009307,0.0009307,0.0009307
37,53.2845,0.7349,0.68879,1.01436,0.88346,0.81046,0.90817,0.72271,0.76432,1.52098,1.31323,0.00092872,0.00092872,0.00092872
38,54.6631,0.75078,0.72852,1.02858,0.73834,0.85845,0.91314,0.70328,0.75275,1.50462,1.2812,0.00092674,0.00092674,0.00092674
39,56.0461,0.82257,0.75772,1.05322,0.86026,0.74083,0.90152,0.67565,0.7422,1.53087,1.25345,0.00092476,0.00092476,0.00092476
40,57.5262,0.73994,0.77866,1.05268,0.78822,0.83214,0.79655,0.56931,0.84431,1.59394,1.33499,0.00092278,0.00092278,0.00092278
41,58.9662,0.73584,0.73114,1.03552,0.68878,0.8637,0.90811,0.64227,0.85291,1.63068,1.36912,0.0009208,0.0009208,0.0009208
42,60.3499,0.74719,0.74016,1.03991,0.69272,0.89241,0.91253,0.64695,0.86455,1.57712,1.37441,0.00091882,0.00091882,0.00091882
43,61.7446,0.74953,0.69935,1.00246,0.74404,0.88043,0.92006,0.64022,0.82159,1.58284,1.34864,0.00091684,0.00091684,0.00091684
44,63.152,0.72309,0.69781,1.01647,0.7608,0.91228,0.91241,0.62682,0.80322,1.54828,1.34218,0.00091486,0.00091486,0.00091486
45,64.5361,0.7387,0.72587,1.00704,0.72838,0.92179,0.88951,0.63709,0.79113,1.55808,1.30869,0.00091288,0.00091288,0.00091288
46,65.9038,0.72915,0.73208,1.01565,0.78617,0.91071,0.90588,0.67318,0.76385,1.55084,1.26174,0.0009109,0.0009109,0.0009109
47,67.2516,0.7296,0.71418,1.02496,0.59074,0.96429,0.92953,0.73192,0.72937,1.64423,1.22054,0.00090892,0.00090892,0.00090892
48,68.646,0.71377,0.70174,1.01686,0.83286,0.8875,0.94447,0.71741,0.82709,1.34596,1.32029,0.00090694,0.00090694,0.00090694
49,70.037,0.70407,0.69549,0.9878,0.95463,0.8805,0.94413,0.67494,0.81732,1.17434,1.30043,0.00090496,0.00090496,0.00090496
50,71.4207,0.69721,0.67225,1.00552,0.86414,0.94172,0.9537,0.64778,0.82281,1.25461,1.32456,0.00090298,0.00090298,0.00090298
51,72.7714,0.74124,0.68061,1.0196,0.90409,0.8807,0.95108,0.64812,0.83122,1.3396,1.34266,0.000901,0.000901,0.000901
52,74.1552,0.70265,0.68669,0.9934,0.81223,0.85179,0.91351,0.70618,0.73718,1.41062,1.27339,0.00089902,0.00089902,0.00089902
53,75.515,0.72892,0.67332,1.01556,0.83318,0.8462,0.92927,0.69361,0.7233,1.40782,1.25224,0.00089704,0.00089704,0.00089704
54,76.9042,0.68726,0.64597,1.02138,0.8393,0.83236,0.9203,0.66161,0.76444,1.55332,1.26134,0.00089506,0.00089506,0.00089506
55,78.2632,0.71676,0.67739,1.03615,0.89174,0.80563,0.91762,0.66025,0.80798,1.67883,1.29053,0.00089308,0.00089308,0.00089308
56,79.6612,0.68894,0.64654,1.00483,0.88076,0.83036,0.93283,0.70553,0.73345,1.41254,1.24631,0.0008911,0.0008911,0.0008911
57,80.9882,0.72159,0.67723,1.03311,0.8563,0.84821,0.93186,0.71381,0.7061,1.28601,1.21999,0.00088912,0.00088912,0.00088912
58,82.3209,0.68728,0.6551,1.01456,0.77627,0.88243,0.93407,0.70925,0.71041,1.19376,1.21169,0.00088714,0.00088714,0.00088714
59,83.691,0.73503,0.6729,1.01525,0.79745,0.86074,0.94004,0.73025,0.70067,1.08673,1.19971,0.00088516,0.00088516,0.00088516
60,85.0681,0.70251,0.67151,1.02127,0.74559,0.8875,0.91166,0.75622,0.6366,1.01971,1.15581,0.00088318,0.00088318,0.00088318
61,86.4332,0.69945,0.64766,1.01266,0.84886,0.79193,0.91754,0.76382,0.68759,1.08389,1.19882,0.0008812,0.0008812,0.0008812
62,87.7944,0.70203,0.64441,1.02112,0.8324,0.83805,0.9248,0.75935,0.73477,1.13033,1.25465,0.00087922,0.00087922,0.00087922
63,89.1488,0.69164,0.65544,1.01954,0.83375,0.82972,0.91715,0.74983,0.72996,1.20756,1.26169,0.00087724,0.00087724,0.00087724
64,90.52,0.65555,0.60859,0.97019,0.8849,0.83676,0.92564,0.77395,0.79831,1.16073,1.29722,0.00087526,0.00087526,0.00087526
65,91.8861,0.70536,0.62512,1.00708,0.90105,0.8422,0.91949,0.76528,0.75378,1.19445,1.26836,0.00087328,0.00087328,0.00087328
66,93.2621,0.67751,0.64184,1.01224,0.87857,0.84046,0.90947,0.73482,0.71487,1.28716,1.26858,0.0008713,0.0008713,0.0008713
67,94.6351,0.67345,0.60374,0.98806,0.77021,0.83332,0.89746,0.70097,0.71127,1.57785,1.26785,0.00086932,0.00086932,0.00086932
68,96.0466,0.67529,0.65114,0.97238,0.75481,0.79939,0.85671,0.72822,0.667,1.54494,1.19894,0.00086734,0.00086734,0.00086734
69,97.4091,0.66571,0.60088,0.95595,0.85051,0.72316,0.86569,0.75422,0.64843,1.47083,1.18128,0.00086536,0.00086536,0.00086536
70,98.7875,0.68788,0.6186,0.97709,0.89024,0.74983,0.87861,0.77766,0.61442,1.40656,1.1622,0.00086338,0.00086338,0.00086338
71,100.173,0.6767,0.59689,0.99036,0.89301,0.76201,0.87546,0.79609,0.64482,1.36092,1.17021,0.0008614,0.0008614,0.0008614
72,101.576,0.66761,0.58415,0.99221,0.93089,0.82136,0.90963,0.80121,0.66825,1.1363,1.14765,0.00085942,0.00085942,0.00085942
73,102.926,0.68432,0.61722,1.00018,0.95004,0.90536,0.93827,0.81289,0.71581,1.2098,1.18788,0.00085744,0.00085744,0.00085744
74,104.285,0.68085,0.60041,0.99008,0.92106,0.90687,0.95195,0.80872,0.67804,1.10205,1.17843,0.00085546,0.00085546,0.00085546
75,105.667,0.68722,0.6458,1.03816,0.94095,0.91429,0.95646,0.73362,0.64756,1.01481,1.17983,0.00085348,0.00085348,0.00085348
76,107.048,0.70253,0.64781,1.02907,0.89328,0.94759,0.97014,0.75397,0.76087,1.03013,1.33391,0.0008515,0.0008515,0.0008515
77,108.408,0.65381,0.61549,0.98114,0.85209,0.95789,0.96966,0.79019,0.74205,1.05446,1.32337,0.00084952,0.00084952,0.00084952
78,109.786,0.66326,0.58621,0.96454,0.89833,0.93192,0.96918,0.80691,0.72577,0.96703,1.28995,0.00084754,0.00084754,0.00084754
79,111.159,0.652,0.56896,0.96,0.92656,0.92074,0.96879,0.78814,0.74157,0.92343,1.28506,0.00084556,0.00084556,0.00084556
80,112.559,0.64496,0.58375,0.97748,0.90199,0.84647,0.97175,0.81153,0.76807,0.98625,1.28129,0.00084358,0.00084358,0.00084358
81,113.93,0.65807,0.61671,1.01077,0.92304,0.84723,0.96581,0.84446,0.72884,0.99475,1.24491,0.0008416,0.0008416,0.0008416
82,115.287,0.62801,0.59264,0.95546,0.92164,0.84463,0.95676,0.85457,0.66451,0.99522,1.16999,0.00083962,0.00083962,0.00083962
83,116.639,0.598,0.56266,0.92913,0.90779,0.89058,0.95694,0.84942,0.6277,0.98296,1.15127,0.00083764,0.00083764,0.00083764
84,118.037,0.60434,0.54103,0.97539,0.75378,0.92018,0.94516,0.82961,0.63158,1.02947,1.14769,0.00083566,0.00083566,0.00083566
85,119.38,0.64325,0.57333,0.98488,0.77319,0.81925,0.92788,0.78961,0.67152,1.24851,1.17405,0.00083368,0.00083368,0.00083368
86,120.751,0.62728,0.56548,1.00281,0.90195,0.70903,0.92325,0.76946,0.71306,1.43924,1.22904,0.0008317,0.0008317,0.0008317
87,122.13,0.65874,0.58414,0.97744,0.83143,0.75317,0.92284,0.78509,0.7339,1.49515,1.26627,0.00082972,0.00082972,0.00082972
88,123.52,0.59277,0.56785,0.96893,0.83843,0.81545,0.93814,0.82611,0.7862,1.14009,1.32886,0.00082774,0.00082774,0.00082774
89,124.899,0.68635,0.57226,1.01812,0.83546,0.92454,0.95713,0.83264,0.7611,0.98541,1.32927,0.00082576,0.00082576,0.00082576
90,126.239,0.61986,0.54363,0.95537,0.91106,0.85454,0.95708,0.78936,0.73538,0.97188,1.30907,0.00082378,0.00082378,0.00082378
91,127.616,0.69059,0.57656,1.02707,0.9019,0.82857,0.92258,0.76835,0.7141,0.99813,1.26911,0.0008218,0.0008218,0.0008218
92,128.985,0.63718,0.57233,1.0146,0.91192,0.86864,0.93992,0.79243,0.64303,1.04298,1.17669,0.00081982,0.00081982,0.00081982
93,130.336,0.62345,0.57594,0.96891,0.91457,0.89524,0.96415,0.81473,0.62214,0.92039,1.15261,0.00081784,0.00081784,0.00081784
94,131.692,0.62863,0.56184,0.98886,0.92151,0.95656,0.97038,0.82047,0.62964,0.81468,1.16509,0.00081586,0.00081586,0.00081586
95,133.069,0.64436,0.56485,0.97561,0.94588,0.94274,0.97117,0.81833,0.64695,0.82044,1.1714,0.00081388,0.00081388,0.00081388
96,134.466,0.63104,0.5506,0.98072,0.88751,0.96492,0.97256,0.79635,0.68611,0.85367,1.17728,0.0008119,0.0008119,0.0008119
97,135.819,0.62853,0.55815,0.98042,0.90995,0.92575,0.97162,0.80406,0.66255,0.83489,1.17621,0.00080992,0.00080992,0.00080992
98,137.184,0.6429,0.55409,0.97611,0.93407,0.91309,0.97493,0.83171,0.64368,0.82682,1.16798,0.00080794,0.00080794,0.00080794
99,138.527,0.63783,0.57618,1.00722,0.96356,0.90334,0.97184,0.80839,0.63955,0.76741,1.16566,0.00080596,0.00080596,0.00080596
100,139.932,0.62767,0.55776,0.97968,0.8724,0.88753,0.95214,0.81227,0.57883,0.76584,1.08694,0.00080398,0.00080398,0.00080398
101,141.286,0.59779,0.51983,0.94788,0.88125,0.8835,0.93584,0.82188,0.58045,0.77946,1.08709,0.000802,0.000802,0.000802
102,142.684,0.61813,0.51834,0.97966,0.88174,0.87971,0.93747,0.82292,0.56661,0.78985,1.0898,0.00080002,0.00080002,0.00080002
103,144.074,0.63806,0.55158,0.98674,0.85596,0.95536,0.95805,0.85139,0.55896,0.8005,1.08058,0.00079804,0.00079804,0.00079804
104,145.47,0.60262,0.52984,0.97044,0.89666,0.94003,0.97118,0.83632,0.5502,0.80867,1.04999,0.00079606,0.00079606,0.00079606
105,146.835,0.63407,0.51576,0.98137,0.87639,0.92016,0.96689,0.84889,0.54356,0.8192,1.05329,0.00079408,0.00079408,0.00079408
106,148.189,0.60275,0.55169,0.98535,0.87164,0.88143,0.95475,0.85292,0.56513,0.9254,1.06379,0.0007921,0.0007921,0.0007921
107,149.537,0.59142,0.5581,0.97647,0.82931,0.82902,0.94118,0.81176,0.58144,1.06229,1.07073,0.00079012,0.00079012,0.00079012
108,150.967,0.62066,0.52431,0.98024,0.75914,0.84286,0.90569,0.75737,0.64466,1.36577,1.13803,0.00078814,0.00078814,0.00078814
109,152.329,0.60129,0.52681,0.93932,0.80262,0.8088,0.89122,0.73964,0.66649,1.52329,1.14947,0.00078616,0.00078616,0.00078616
110,153.695,0.64856,0.56014,0.98641,0.80635,0.80234,0.88679,0.75641,0.66578,1.56391,1.16135,0.00078418,0.00078418,0.00078418
111,155.066,0.65682,0.53664,0.98726,0.85033,0.8219,0.89317,0.75812,0.63891,1.45069,1.13776,0.0007822,0.0007822,0.0007822
112,156.496,0.67399,0.54824,1.01103,0.94917,0.83393,0.92993,0.74079,0.61551,1.12759,1.10823,0.00078022,0.00078022,0.00078022
113,157.866,0.62443,0.54172,0.96978,0.94992,0.85467,0.94708,0.77836,0.58948,1.08982,1.09149,0.00077824,0.00077824,0.00077824
114,159.25,0.59975,0.53799,1.00257,0.9468,0.84412,0.95003,0.77516,0.58388,1.10198,1.09466,0.00077626,0.00077626,0.00077626
115,160.65,0.58758,0.51237,0.94671,0.82532,0.83324,0.94471,0.76397,0.59587,1.18685,1.10821,0.00077428,0.00077428,0.00077428
116,162.046,0.60625,0.49989,0.94605,0.48369,0.73333,0.7883,0.63721,0.59051,1.45757,1.11117,0.0007723,0.0007723,0.0007723
117,163.397,0.59454,0.47811,0.9592,0.72209,0.69643,0.89877,0.73296,0.60825,1.40605,1.12364,0.00077032,0.00077032,0.00077032
118,164.781,0.61435,0.50213,0.96641,0.80033,0.78768,0.94823,0.78375,0.63471,1.30916,1.12279,0.00076834,0.00076834,0.00076834
119,166.12,0.62793,0.4934,0.97523,0.93415,0.76266,0.95319,0.79053,0.67556,1.18886,1.14169,0.00076636,0.00076636,0.00076636
120,167.524,0.62244,0.51117,0.98695,0.94304,0.76055,0.95026,0.78803,0.7101,1.22484,1.18181,0.00076438,0.00076438,0.00076438
121,168.906,0.58116,0.50397,0.95688,0.96829,0.75721,0.94937,0.78719,0.7144,1.2417,1.19495,0.0007624,0.0007624,0.0007624
122,170.283,0.58296,0.50727,0.94287,0.83628,0.8486,0.94402,0.79306,0.72798,1.18172,1.20658,0.00076042,0.00076042,0.00076042
123,171.639,0.61163,0.48262,0.95208,0.84254,0.84384,0.94536,0.79703,0.69869,1.07756,1.19045,0.00075844,0.00075844,0.00075844
124,173.04,0.57118,0.51691,0.96996,0.92733,0.82083,0.95224,0.82102,0.65796,0.96984,1.17048,0.00075646,0.00075646,0.00075646
125,174.399,0.60441,0.51368,0.94815,0.91871,0.82366,0.95443,0.81189,0.64418,0.94445,1.1566,0.00075448,0.00075448,0.00075448
126,175.751,0.55943,0.49585,0.95944,0.92005,0.81252,0.9544,0.81105,0.64329,1.012,1.141,0.0007525,0.0007525,0.0007525
127,177.097,0.56564,0.47882,0.94285,0.9309,0.80027,0.94519,0.80519,0.65814,1.13556,1.14189,0.00075052,0.00075052,0.00075052
128,178.478,0.56749,0.47832,0.96231,0.94807,0.76848,0.93928,0.80076,0.70512,1.26698,1.16704,0.00074854,0.00074854,0.00074854
129,179.813,0.60997,0.50032,0.99586,0.95327,0.78176,0.94622,0.76951,0.74432,1.25391,1.20298,0.00074656,0.00074656,0.00074656
130,181.205,0.57116,0.48387,0.93621,0.94619,0.79839,0.94882,0.77726,0.74443,1.17133,1.22818,0.00074458,0.00074458,0.00074458
131,182.599,0.57356,0.48847,0.9453,0.95506,0.80898,0.94756,0.77285,0.73856,1.13929,1.23914,0.0007426,0.0007426,0.0007426
132,183.971,0.5812,0.50845,0.97242,0.95997,0.8054,0.93905,0.77075,0.6885,1.10271,1.17853,0.00074062,0.00074062,0.00074062
133,185.348,0.54936,0.46802,0.93633,0.94979,0.81571,0.94364,0.82102,0.63956,1.05267,1.13828,0.00073864,0.00073864,0.00073864
134,186.712,0.57475,0.46795,0.96798,0.91225,0.81884,0.949,0.84899,0.58113,0.96498,1.09356,0.00073666,0.00073666,0.00073666
135,188.086,0.53454,0.46749,0.91987,0.85365,0.89286,0.96061,0.88995,0.54807,0.91932,1.06631,0.00073468,0.00073468,0.00073468
136,189.464,0.57719,0.4637,0.98491,0.90067,0.90256,0.96149,0.87105,0.58766,0.90606,1.0997,0.0007327,0.0007327,0.0007327
137,190.811,0.54717,0.44354,0.91212,0.94954,0.83498,0.95412,0.8662,0.59882,0.91864,1.11258,0.00073072,0.00073072,0.00073072
138,192.17,0.55337,0.45206,0.9298,0.93693,0.78561,0.9236,0.85038,0.63374,0.94284,1.138,0.00072874,0.00072874,0.00072874
139,193.527,0.56737,0.47108,0.95633,0.84045,0.80179,0.90588,0.79197,0.67317,0.95827,1.1594,0.00072676,0.00072676,0.00072676
140,194.928,0.57001,0.45716,0.93324,0.84807,0.81647,0.9199,0.77328,0.62365,0.89798,1.10543,0.00072478,0.00072478,0.00072478
141,196.287,0.57761,0.4735,0.95191,0.92595,0.79004,0.93572,0.79133,0.60462,0.92685,1.08097,0.0007228,0.0007228,0.0007228
142,197.663,0.58733,0.46649,0.97054,0.88746,0.76308,0.93425,0.81297,0.6017,0.98157,1.07561,0.00072082,0.00072082,0.00072082
143,199.026,0.57627,0.48173,0.96252,0.79694,0.83325,0.93287,0.78282,0.59819,1.01105,1.07519,0.00071884,0.00071884,0.00071884
144,200.418,0.5809,0.4599,0.95636,0.87705,0.87965,0.9617,0.79859,0.66784,1.04714,1.15091,0.00071686,0.00071686,0.00071686
145,201.811,0.53269,0.4389,0.93078,0.85035,0.88844,0.96141,0.78931,0.70846,1.03115,1.19481,0.00071488,0.00071488,0.00071488
146,203.149,0.52806,0.43671,0.91726,0.83276,0.86179,0.95914,0.76894,0.77184,1.02858,1.23158,0.0007129,0.0007129,0.0007129
147,204.515,0.59444,0.47929,0.96927,0.85454,0.88116,0.96486,0.78052,0.76457,0.99805,1.22642,0.00071092,0.00071092,0.00071092
148,205.922,0.57716,0.45676,0.97614,0.92264,0.89441,0.95112,0.75281,0.72547,0.93389,1.19392,0.00070894,0.00070894,0.00070894
149,207.278,0.538,0.50329,0.9404,0.9275,0.90868,0.95355,0.74955,0.71759,0.88637,1.16747,0.00070696,0.00070696,0.00070696
150,208.643,0.58046,0.46525,0.93439,0.91051,0.90369,0.9542,0.75426,0.67453,0.86991,1.13552,0.00070498,0.00070498,0.00070498
151,209.987,0.58546,0.46255,0.97818,0.96432,0.83883,0.93419,0.76318,0.66008,0.83398,1.12962,0.000703,0.000703,0.000703
152,211.407,0.52464,0.44221,0.93403,0.93801,0.76958,0.93561,0.7692,0.6494,0.94007,1.14322,0.00070102,0.00070102,0.00070102
153,212.785,0.5451,0.45495,0.92112,0.90855,0.75406,0.93418,0.78985,0.64732,1.16659,1.15143,0.00069904,0.00069904,0.00069904
154,214.147,0.52467,0.44708,0.93727,0.92477,0.66847,0.90389,0.75613,0.6749,1.39619,1.18644,0.00069706,0.00069706,0.00069706
155,215.521,0.53436,0.43746,0.93165,0.90068,0.65676,0.87769,0.73504,0.6998,1.47112,1.22225,0.00069508,0.00069508,0.00069508
156,216.882,0.56975,0.45704,0.96036,0.87765,0.67542,0.89552,0.71372,0.71153,1.51649,1.25497,0.0006931,0.0006931,0.0006931
157,218.253,0.54444,0.46857,0.96022,0.82969,0.78103,0.91333,0.71184,0.71155,1.37108,1.25799,0.00069112,0.00069112,0.00069112
158,219.593,0.53319,0.44135,0.93294,0.87829,0.83199,0.93432,0.72857,0.6981,1.26021,1.23709,0.00068914,0.00068914,0.00068914
159,220.947,0.55924,0.46209,0.91983,0.87671,0.83393,0.9336,0.75175,0.68652,1.29897,1.21704,0.00068716,0.00068716,0.00068716
160,222.314,0.52073,0.44411,0.94363,0.88823,0.77584,0.926,0.72072,0.71755,1.49217,1.23936,0.00068518,0.00068518,0.00068518
161,223.655,0.54278,0.4293,0.91993,0.89334,0.74344,0.94216,0.76415,0.75569,1.47753,1.27817,0.0006832,0.0006832,0.0006832
162,225.002,0.53187,0.46577,0.97609,0.89689,0.769,0.94672,0.77652,0.76469,1.33624,1.26184,0.00068122,0.00068122,0.00068122
163,226.392,0.51935,0.42883,0.9446,0.91671,0.82208,0.95258,0.77044,0.72264,1.09794,1.21748,0.00067924,0.00067924,0.00067924
164,227.77,0.52448,0.4342,0.94489,0.83586,0.90179,0.93851,0.77616,0.73087,0.94044,1.24552,0.00067726,0.00067726,0.00067726
165,229.114,0.53496,0.43619,0.91878,0.85079,0.90179,0.94331,0.77338,0.7001,0.94078,1.21742,0.00067528,0.00067528,0.00067528
166,230.473,0.54086,0.51825,0.92742,0.85381,0.90407,0.93843,0.79513,0.65972,0.87001,1.17184,0.0006733,0.0006733,0.0006733
167,231.872,0.52343,0.42199,0.92274,0.85653,0.90032,0.9462,0.79785,0.6386,0.84773,1.14814,0.00067132,0.00067132,0.00067132
168,233.276,0.54654,0.43504,0.90659,0.90204,0.90179,0.95647,0.79675,0.6181,0.79065,1.1296,0.00066934,0.00066934,0.00066934
169,234.664,0.50843,0.41517,0.91729,0.91231,0.9019,0.97048,0.76931,0.6128,0.77239,1.11969,0.00066736,0.00066736,0.00066736
170,236.045,0.57198,0.46517,0.96382,0.92187,0.84301,0.97027,0.75908,0.61041,0.75894,1.10508,0.00066538,0.00066538,0.00066538
171,237.402,0.52661,0.41988,0.93269,0.94063,0.89407,0.97829,0.81066,0.58281,0.76545,1.07227,0.0006634,0.0006634,0.0006634
172,238.786,0.58357,0.45775,0.98833,0.90922,0.90274,0.95913,0.85131,0.54182,0.74678,1.0477,0.00066142,0.00066142,0.00066142
173,240.126,0.54803,0.46216,0.94997,0.90272,0.90179,0.95744,0.85257,0.56422,0.76336,1.06855,0.00065944,0.00065944,0.00065944
174,241.533,0.59149,0.44196,0.96557,0.88744,0.90997,0.93824,0.836,0.62686,0.79439,1.12461,0.00065746,0.00065746,0.00065746
175,242.908,0.54702,0.44211,0.95493,0.88123,0.90934,0.93839,0.83124,0.64379,0.79648,1.15143,0.00065548,0.00065548,0.00065548
176,244.298,0.52136,0.45401,0.9362,0.90985,0.89751,0.95105,0.85808,0.61259,0.72202,1.13225,0.0006535,0.0006535,0.0006535
177,245.651,0.53013,0.43064,0.92419,0.89559,0.97591,0.97031,0.82469,0.5648,0.71321,1.10299,0.00065152,0.00065152,0.00065152
178,247.021,0.53987,0.45135,0.96015,0.95799,0.95006,0.9781,0.82464,0.54481,0.71416,1.09394,0.00064954,0.00064954,0.00064954
179,248.398,0.51808,0.41459,0.9167,0.95745,0.9804,0.9786,0.82062,0.54684,0.72314,1.09151,0.00064756,0.00064756,0.00064756
180,249.808,0.55224,0.43944,1.00172,0.9477,0.98214,0.98064,0.86634,0.57812,0.66592,1.10351,0.00064558,0.00064558,0.00064558
181,251.159,0.5595,0.44447,0.95785,0.95513,0.97748,0.98083,0.83891,0.58821,0.64747,1.1034,0.0006436,0.0006436,0.0006436
182,252.528,0.50687,0.41638,0.91464,0.96166,0.97098,0.98179,0.85773,0.58077,0.62807,1.0968,0.00064162,0.00064162,0.00064162
183,253.882,0.51457,0.42997,0.91454,0.89712,0.96487,0.97218,0.85887,0.56975,0.62108,1.0966,0.00063964,0.00063964,0.00063964
184,255.26,0.52824,0.43507,0.91478,0.87184,0.94009,0.96943,0.8288,0.60428,0.73843,1.10205,0.00063766,0.00063766,0.00063766
185,256.661,0.53128,0.44643,0.9451,0.86327,0.90975,0.96255,0.81264,0.6301,0.79927,1.12419,0.00063568,0.00063568,0.00063568
186,258.013,0.53911,0.42985,0.95388,0.87233,0.89399,0.96207,0.82387,0.66154,0.82954,1.14929,0.0006337,0.0006337,0.0006337
187,259.418,0.52712,0.40928,0.94065,0.88569,0.88195,0.96048,0.82315,0.67496,0.8149,1.16396,0.00063172,0.00063172,0.00063172
188,260.811,0.53781,0.4248,0.9447,0.92552,0.89643,0.95517,0.83326,0.66949,0.75692,1.17216,0.00062974,0.00062974,0.00062974
189,262.18,0.51844,0.43012,0.92912,0.92263,0.89643,0.96096,0.83462,0.64749,0.75209,1.15202,0.00062776,0.00062776,0.00062776
190,263.537,0.52399,0.43632,0.93546,0.92329,0.88851,0.96019,0.83697,0.61671,0.78041,1.13343,0.00062578,0.00062578,0.00062578
191,264.905,0.48483,0.41145,0.91817,0.93008,0.90673,0.9692,0.80515,0.59103,0.7534,1.10637,0.0006238,0.0006238,0.0006238
192,266.297,0.53291,0.43071,0.94489,0.95053,0.9052,0.96995,0.7955,0.57006,0.68562,1.07864,0.00062182,0.00062182,0.00062182
193,267.661,0.50641,0.41693,0.93101,0.94431,0.91055,0.96388,0.84148,0.56253,0.65434,1.07627,0.00061984,0.00061984,0.00061984
194,269.049,0.5243,0.3989,0.91103,0.94725,0.89643,0.95652,0.84351,0.57188,0.63932,1.08116,0.00061786,0.00061786,0.00061786
195,270.412,0.51051,0.41112,0.92152,0.94215,0.89643,0.95802,0.85064,0.58483,0.64384,1.08854,0.00061588,0.00061588,0.00061588
196,271.815,0.54638,0.41612,0.95189,0.93491,0.89979,0.96432,0.85114,0.58626,0.66699,1.09195,0.0006139,0.0006139,0.0006139
197,273.161,0.49286,0.43324,0.93238,0.9455,0.90769,0.96526,0.84405,0.60141,0.68012,1.11267,0.00061192,0.00061192,0.00061192
198,274.511,0.52671,0.41463,0.91384,0.94207,0.91756,0.97387,0.83912,0.5847,0.67662,1.11536,0.00060994,0.00060994,0.00060994
199,275.864,0.50714,0.40692,0.93473,0.94074,0.92218,0.97324,0.83492,0.57442,0.68789,1.11711,0.00060796,0.00060796,0.00060796
200,277.251,0.52352,0.41123,0.93746,0.92708,0.94723,0.97122,0.83153,0.59464,0.69255,1.12352,0.00060598,0.00060598,0.00060598
201,278.605,0.50156,0.38004,0.91865,0.93123,0.95297,0.97111,0.82191,0.62574,0.68921,1.13928,0.000604,0.000604,0.000604
202,279.949,0.50431,0.41157,0.92559,0.92478,0.96429,0.97062,0.8179,0.65648,0.72357,1.15879,0.00060202,0.00060202,0.00060202
203,281.317,0.49974,0.39994,0.91716,0.90832,0.95536,0.97035,0.8132,0.65413,0.75519,1.15307,0.00060004,0.00060004,0.00060004
204,282.734,0.50217,0.40695,0.89158,0.91597,0.9061,0.96773,0.81033,0.67915,0.7938,1.17745,0.00059806,0.00059806,0.00059806
205,284.108,0.50076,0.39564,0.91886,0.93987,0.9085,0.96852,0.81055,0.69302,0.80682,1.18645,0.00059608,0.00059608,0.00059608
206,285.459,0.493,0.40329,0.90558,0.952,0.9035,0.96821,0.82844,0.68934,0.77204,1.18794,0.0005941,0.0005941,0.0005941
207,286.828,0.49817,0.3962,0.93971,0.95692,0.88732,0.96926,0.78714,0.7032,0.80149,1.20011,0.00059212,0.00059212,0.00059212
208,288.235,0.50203,0.37772,0.90343,0.93948,0.87282,0.96613,0.78902,0.70355,0.81457,1.18637,0.00059014,0.00059014,0.00059014
209,289.599,0.4885,0.39302,0.91692,0.90907,0.90461,0.96582,0.79507,0.69714,0.7933,1.17592,0.00058816,0.00058816,0.00058816
210,290.979,0.48467,0.38493,0.91416,0.95342,0.89636,0.96544,0.82265,0.70147,0.77011,1.15957,0.00058618,0.00058618,0.00058618
211,292.328,0.52634,0.4192,0.92677,0.95576,0.90275,0.96623,0.83437,0.69701,0.73896,1.15103,0.0005842,0.0005842,0.0005842
212,293.698,0.50305,0.41156,0.91871,0.96058,0.93282,0.97032,0.85629,0.67409,0.73225,1.1461,0.00058222,0.00058222,0.00058222
213,295.049,0.46886,0.39503,0.92946,0.88758,0.95169,0.96255,0.84422,0.65285,0.73702,1.1382,0.00058024,0.00058024,0.00058024
214,296.417,0.54026,0.42394,0.93481,0.96147,0.91808,0.9725,0.83142,0.64421,0.76539,1.14533,0.00057826,0.00057826,0.00057826
215,297.766,0.48485,0.39526,0.90068,0.94341,0.92819,0.97007,0.82908,0.65344,0.72439,1.15752,0.00057628,0.00057628,0.00057628
216,299.129,0.50039,0.40435,0.94406,0.87324,0.95675,0.95254,0.80984,0.68546,0.78067,1.2052,0.0005743,0.0005743,0.0005743
217,300.48,0.49562,0.40402,0.9046,0.87914,0.94354,0.94722,0.80999,0.70639,0.81137,1.21949,0.00057232,0.00057232,0.00057232
218,301.83,0.50685,0.4054,0.93018,0.89219,0.90791,0.91732,0.77761,0.72954,0.82136,1.22884,0.00057034,0.00057034,0.00057034
219,303.196,0.50102,0.40297,0.91374,0.89068,0.91429,0.91922,0.7694,0.73333,0.80928,1.22971,0.00056836,0.00056836,0.00056836
220,304.586,0.50108,0.37642,0.92862,0.8889,0.90607,0.93938,0.81093,0.71766,0.81308,1.20682,0.00056638,0.00056638,0.00056638
221,305.929,0.52888,0.38742,0.91654,0.88255,0.91626,0.95624,0.78313,0.68543,0.81447,1.17357,0.0005644,0.0005644,0.0005644
222,307.279,0.51314,0.39034,0.95156,0.9011,0.90865,0.95604,0.7795,0.66224,0.8053,1.15272,0.00056242,0.00056242,0.00056242
223,308.63,0.45548,0.36717,0.90048,0.90091,0.91123,0.944,0.77297,0.64797,0.78393,1.13733,0.00056044,0.00056044,0.00056044
224,310.003,0.48153,0.37823,0.8974,0.90964,0.91594,0.9541,0.81942,0.61644,0.74993,1.11106,0.00055846,0.00055846,0.00055846
225,311.358,0.49087,0.37951,0.89973,0.89917,0.91791,0.94639,0.81471,0.61135,0.71243,1.11196,0.00055648,0.00055648,0.00055648
226,312.703,0.44852,0.37928,0.91396,0.87917,0.95288,0.94656,0.80397,0.59785,0.70968,1.10401,0.0005545,0.0005545,0.0005545
227,314.133,0.46791,0.36961,0.8945,0.87408,0.96429,0.9464,0.79333,0.58419,0.71759,1.09983,0.00055252,0.00055252,0.00055252
228,315.599,0.47803,0.38524,0.90347,0.91838,0.91323,0.96377,0.8152,0.64048,0.71772,1.14988,0.00055054,0.00055054,0.00055054
229,316.947,0.43281,0.3732,0.89479,0.93341,0.90722,0.9639,0.81618,0.67318,0.70579,1.19265,0.00054856,0.00054856,0.00054856
230,318.289,0.48305,0.38518,0.92212,0.87659,0.90515,0.96356,0.8018,0.70283,0.71173,1.23071,0.00054658,0.00054658,0.00054658
231,319.646,0.50833,0.38733,0.90469,0.86662,0.90009,0.9637,0.79385,0.71243,0.72703,1.23921,0.0005446,0.0005446,0.0005446
232,321.058,0.49494,0.38368,0.92416,0.79987,0.95563,0.94779,0.78561,0.70949,0.77039,1.23791,0.00054262,0.00054262,0.00054262
233,322.405,0.4468,0.40075,0.9212,0.77187,0.95536,0.94598,0.78906,0.69468,0.79785,1.22149,0.00054064,0.00054064,0.00054064
234,323.762,0.47497,0.37262,0.91719,0.85686,0.88171,0.95537,0.79591,0.67491,0.85648,1.19536,0.00053866,0.00053866,0.00053866
235,325.119,0.49895,0.40059,0.92537,0.7761,0.87528,0.93244,0.77912,0.65152,0.93901,1.18045,0.00053668,0.00053668,0.00053668
